{
  "keyframes": [
    {
      "target_view_width": 640.8000000000001,
      "params": {
        "L1": 1.0,
        "L2": 1.0,
        "M1": 1.0,
        "M2": 1.0,
        "G": 9.81,
        "DT": 0.2,
        "MAX_ITER": 5000
      }
    },
    {
      "target_view_width": 0.16000000000003,
      "params": {
        "L1": 1.0,
        "L2": 1.0,
        "M1": 1.0,
        "M2": 1.2000000000000002,
        "G": 9.81,
        "DT": 0.2,
        "MAX_ITER": 5000
      }
    }
  ],
  "target_view": [
    -0.5506076948984985,
    -0.5506076948979121,
    1.4089518405618071,
    1.4089518405621366
  ]
}