{
  "params": {
    "L1": 1.2000000000000002,
    "L2": 1.0,
    "M1": 1.0,
    "M2": 1.2000000000000002,
    "G": 9.81,
    "DT": 0.2,
    "MAX_ITER": 5000,
    "current_view": [
      1.3608168064332935,
      1.3608168064334107,
      -0.09386153634653982,
      -0.09386153634647393
    ]
  },
  "target_view": [
    1.3608168064332935,
    1.3608168064334107,
    -0.09386153634653982,
    -0.09386153634647393
  ]
}